<?xml version="1.0" encoding="UTF-8"?>
<AnyConnectProfile xmlns="http://schemas.xmlsoap.org/encoding/" xmlns:xsi="http://www.w3.org/2001/XMLSchema-instance" xsi:schemaLocation="http://schemas.xmlsoap.org/encoding/ AnyConnectProfile.xsd">
	<ClientInitialization>
		<UseStartBeforeLogon UserControllable="true">false</UseStartBeforeLogon>
		<AutomaticCertSelection UserControllable="true">false</AutomaticCertSelection>
		<ShowPreConnectMessage>false</ShowPreConnectMessage>
		<CertificateStore>Machine</CertificateStore>
		<CertificateStoreOverride>true</CertificateStoreOverride>
		<ProxySettings>Native</ProxySettings>
		<AllowLocalProxyConnections>true</AllowLocalProxyConnections>
		<AuthenticationTimeout>12</AuthenticationTimeout>
		<AutoConnectOnStart UserControllable="true">false</AutoConnectOnStart>
		<MinimizeOnConnect UserControllable="true">true</MinimizeOnConnect>
		<LocalLanAccess UserControllable="true">false</LocalLanAccess>
		<ClearSmartcardPin UserControllable="true">true</ClearSmartcardPin>
		<IPProtocolSupport>IPv4</IPProtocolSupport>
		<AutoReconnect UserControllable="false">true
			<AutoReconnectBehavior UserControllable="false">DisconnectOnSuspend</AutoReconnectBehavior>
		</AutoReconnect>
		<AutoUpdate UserControllable="false">true</AutoUpdate>
		<RSASecurIDIntegration UserControllable="false">Automatic</RSASecurIDIntegration>
		<WindowsLogonEnforcement>SingleLocalLogon</WindowsLogonEnforcement>
		<WindowsVPNEstablishment>LocalUsersOnly</WindowsVPNEstablishment>
		<AutomaticVPNPolicy>false</AutomaticVPNPolicy>
		<PPPExclusion UserControllable="false">Disable
                	<PPPExclusionServerIP UserControllable="false"></PPPExclusionServerIP>
		</PPPExclusion>
		<EnableScripting UserControllable="false">true
			<TerminateScriptOnNextEvent>false</TerminateScriptOnNextEvent>
			<EnablePostSBLOnConnectScript>false</EnablePostSBLOnConnectScript>
		</EnableScripting>
		<EnableAutomaticServerSelection UserControllable="true">false
			<AutoServerSelectionImprovement>20</AutoServerSelectionImprovement>
			<AutoServerSelectionSuspendTime>4</AutoServerSelectionSuspendTime>
		</EnableAutomaticServerSelection>
		<RetainVpnOnLogoff>false
		</RetainVpnOnLogoff>
	</ClientInitialization>
	<ServerList>
		<HostEntry>
			<HostName>Almere GEM VPN</HostName>
			<HostAddress>aer01-mda1-gem-ubvpn-gw1a.cisco.com</HostAddress>
		</HostEntry>
		<HostEntry>
			<HostName>Bangalore GEM VPN 1</HostName>
            <HostAddress>bgl13-gem-ubvpn-gw1a.cisco.com</HostAddress>
		</HostEntry>
		<HostEntry>
			<HostName>Bangalore GEM VPN 2</HostName>
            <HostAddress>bgl13-gem-ubvpn-gw2a.cisco.com</HostAddress>
		</HostEntry>
		<HostEntry>
			<HostName>San Jose GEM VPN 1</HostName>
			<HostAddress>sjc12-gem-ubvpn-gw1a.cisco.com</HostAddress>
		</HostEntry>
		<HostEntry>
			<HostName>San Jose GEM VPN 2</HostName>
			<HostAddress>sjc12-gem-ubvpn-gw2a.cisco.com</HostAddress>
		</HostEntry>
		<HostEntry>
			<HostName>Tokyo GEM VPN</HostName>
			<HostAddress>tyoidc5-gem-ubvpn-gw1a.cisco.com</HostAddress>
		</HostEntry>
	</ServerList>
</AnyConnectProfile>